{"cameraMode":{"drawMode":0,"name":"Shaded","section":"Shading Mode"},"sceneLighting":false,"audioPlay":false,"sceneViewState":{"m_AlwaysRefresh":false,"showFog":false,"showSkybox":false,"showFlares":false,"showImageEffects":false,"showParticleSystems":false,"showVisualEffectGraphs":true,"m_FxEnabled":true},"in2DMode":false,"pivot":{"x":-0.1814403533935547,"y":0.6456422209739685,"z":0.11823999881744385},"rotation":{"x":-0.025963718071579934,"y":-0.9132605195045471,"z":0.40343666076660159,"w":-0.05340654402971268},"size":2.2931761741638185,"orthographic":false}