{"cameraMode":{"drawMode":0,"name":"Shaded","section":"Shading Mode"},"sceneLighting":false,"audioPlay":false,"sceneViewState":{"m_AlwaysRefresh":false,"showFog":false,"showSkybox":false,"showFlares":false,"showImageEffects":false,"showParticleSystems":false,"showVisualEffectGraphs":true,"m_FxEnabled":true},"in2DMode":false,"pivot":{"x":-0.03261631727218628,"y":0.5833200216293335,"z":0.07025885581970215},"rotation":{"x":0.008031301200389862,"y":0.984079897403717,"z":-0.17145933210849763,"w":0.04608606547117233},"size":1.7843315601348878,"orthographic":false}