{"cameraMode":{"drawMode":0,"name":"Shaded","section":"Shading Mode"},"sceneLighting":false,"audioPlay":false,"sceneViewState":{"m_AlwaysRefresh":false,"showFog":false,"showSkybox":false,"showFlares":false,"showImageEffects":false,"showParticleSystems":false,"showVisualEffectGraphs":true,"m_FxEnabled":true},"in2DMode":false,"pivot":{"x":-0.18442440032958985,"y":-0.12311196327209473,"z":-3.288071870803833},"rotation":{"x":-0.007341304328292608,"y":0.9895923733711243,"z":-0.13290181756019593,"w":-0.054685190320014957},"size":3.5673227310180666,"orthographic":false}