{"cameraMode":{"drawMode":0,"name":"Shaded","section":"Shading Mode"},"sceneLighting":false,"audioPlay":false,"sceneViewState":{"m_AlwaysRefresh":false,"showFog":true,"showSkybox":false,"showFlares":true,"showImageEffects":true,"showParticleSystems":true,"showVisualEffectGraphs":true,"m_FxEnabled":true},"in2DMode":false,"pivot":{"x":-0.030071258544921876,"y":-3.353708267211914,"z":0.026317596435546876},"rotation":{"x":0.427457332611084,"y":0.5244483351707459,"z":-0.34393933415412905,"w":0.6509580612182617},"size":36.37306594848633,"orthographic":false}