{"cameraMode":{"drawMode":0,"name":"Shaded","section":"Shading Mode"},"sceneLighting":false,"audioPlay":false,"sceneViewState":{"m_AlwaysRefresh":false,"showFog":true,"showSkybox":false,"showFlares":true,"showImageEffects":true,"showParticleSystems":true,"showVisualEffectGraphs":true,"m_FxEnabled":true},"in2DMode":false,"pivot":{"x":0.842461109161377,"y":1.5561147928237916,"z":1.9595017433166505},"rotation":{"x":0.012689161114394665,"y":-0.9805806279182434,"z":0.06776928901672363,"w":0.18361665308475495},"size":1.817063808441162,"orthographic":false}