{"cameraMode":{"drawMode":0,"name":"Shaded","section":"Shading Mode"},"sceneLighting":false,"audioPlay":false,"sceneViewState":{"m_AlwaysRefresh":false,"showFog":false,"showSkybox":false,"showFlares":false,"showImageEffects":false,"showParticleSystems":false,"showVisualEffectGraphs":true,"m_FxEnabled":true},"in2DMode":false,"pivot":{"x":-0.1814403533935547,"y":0.6456422209739685,"z":0.11823999881744385},"rotation":{"x":0.0032113902270793916,"y":-0.9292296767234802,"z":0.3696760833263397,"w":0.013932491652667523},"size":2.2931761741638185,"orthographic":false}