{"cameraMode":{"drawMode":0,"name":"Shaded","section":"Shading Mode"},"sceneLighting":false,"audioPlay":false,"sceneViewState":{"m_AlwaysRefresh":false,"showFog":false,"showSkybox":false,"showFlares":false,"showImageEffects":false,"showParticleSystems":false,"showVisualEffectGraphs":true,"m_FxEnabled":true},"in2DMode":false,"pivot":{"x":-0.02070295810699463,"y":0.5661735534667969,"z":0.036264896392822269},"rotation":{"x":0.5294715762138367,"y":0.15293796360492707,"z":-0.09762892127037049,"w":0.8287506699562073},"size":1.7550643682479859,"orthographic":false}