{"cameraMode":{"drawMode":0,"name":"Shaded","section":"Shading Mode"},"sceneLighting":false,"audioPlay":false,"sceneViewState":{"m_AlwaysRefresh":false,"showFog":false,"showSkybox":false,"showFlares":false,"showImageEffects":false,"showParticleSystems":false,"showVisualEffectGraphs":true,"m_FxEnabled":true},"in2DMode":false,"pivot":{"x":-0.1814403533935547,"y":0.6456423401832581,"z":0.11823999881744385},"rotation":{"x":-0.16910085082054139,"y":0.7404041886329651,"z":-0.20252621173858643,"w":-0.6182149648666382},"size":2.2931761741638185,"orthographic":false}