{"cameraMode":{"drawMode":0,"name":"Shaded","section":"Shading Mode"},"sceneLighting":false,"audioPlay":false,"sceneViewState":{"m_AlwaysRefresh":false,"showFog":false,"showSkybox":false,"showFlares":false,"showImageEffects":false,"showParticleSystems":false,"showVisualEffectGraphs":true,"m_FxEnabled":true},"in2DMode":false,"pivot":{"x":0.4143467843532562,"y":0.3625160753726959,"z":0.06611428409814835},"rotation":{"x":-0.029681488871574403,"y":0.9608602523803711,"z":-0.2507915794849396,"w":-0.11380200833082199},"size":1.1843316555023194,"orthographic":false}