{"cameraMode":{"drawMode":0,"name":"Shaded","section":"Shading Mode"},"sceneLighting":false,"audioPlay":false,"sceneViewState":{"m_AlwaysRefresh":false,"showFog":false,"showSkybox":false,"showFlares":false,"showImageEffects":false,"showParticleSystems":false,"showVisualEffectGraphs":true,"m_FxEnabled":true},"in2DMode":false,"pivot":{"x":-0.028122901916503907,"y":0.6179660558700562,"z":0.26345598697662356},"rotation":{"x":0.00393710657954216,"y":0.9949976205825806,"z":-0.08979403227567673,"w":0.043605636805295947},"size":0.7931763529777527,"orthographic":false}