{"cameraMode":{"drawMode":0,"name":"Shaded","section":"Shading Mode"},"sceneLighting":false,"audioPlay":false,"sceneViewState":{"m_AlwaysRefresh":false,"showFog":true,"showSkybox":false,"showFlares":true,"showImageEffects":true,"showParticleSystems":true,"showVisualEffectGraphs":true,"m_FxEnabled":true},"in2DMode":false,"pivot":{"x":0.04848146438598633,"y":0.0020933151245117189,"z":0.11124038696289063},"rotation":{"x":0.45151427388191225,"y":0.4961637854576111,"z":-0.3393855094909668,"w":0.6592276096343994},"size":8.733558654785157,"orthographic":false}