{"cameraMode":{"drawMode":0,"name":"Shaded","section":"Shading Mode"},"sceneLighting":false,"audioPlay":false,"sceneViewState":{"m_AlwaysRefresh":false,"showFog":false,"showSkybox":false,"showFlares":false,"showImageEffects":false,"showParticleSystems":false,"showVisualEffectGraphs":true,"m_FxEnabled":true},"in2DMode":false,"pivot":{"x":0.0007510185241699219,"y":0.8830103874206543,"z":0.015969395637512208},"rotation":{"x":-0.33254510164260867,"y":0.086683489382267,"z":-0.03071393445134163,"w":-0.9385939240455627},"size":1.4673230648040772,"orthographic":false}